0;vbnm;iopasdfghj;1864-7-9
1;uiopa;cvbnm;1864-7-9
2;rtyui;klzxcvbnm;1864-7-9
3;iopas;opasdfghjk;1864-7-9
4;cvbnm;sdfghjklzx;1864-7-9
5;tyuio;klzxcvbnm;1864-7-9
6;asdfg;dfghjklzxc;1864-7-9
7;qwert;tyuiopasdf;1864-7-9
8;opasd;rtyuiopasd;1864-7-9
9;werty;opasdfghjk;1864-7-9
10;opasd;jklzxcvbnm;1864-7-9
11;ghjkl;wertyuiopa;1864-7-9
12;zxcvb;zxcvbnm;1864-7-9
13;lzxcv;hjklzxcvbn;1864-7-9
14;rtyui;lzxcvbnm;1864-7-9
15;uiopa;m;1864-7-9
16;ertyu;vbnm;1864-7-9
17;dfghj;tyuiopasdf;1864-7-9
18;fghjk;ghjklzxcvb;1864-7-9
19;opasd;jklzxcvbnm;1864-7-9
20;werty;klzxcvbnm;1864-7-9
21;yuiop;yuiopasdfg;1864-7-9
22;uiopa;wertyuiopa;1864-7-9
23;uiopa;hjklzxcvbn;1864-7-9
24;tyuio;vbnm;1864-7-9
25;bnm;asdfghjklz;1864-7-9
26;asdfg;xcvbnm;1864-7-9
27;klzxc;nm;1864-7-9
28;qwert;dfghjklzxc;1864-7-9
29;ertyu;zxcvbnm;1864-7-9
30;rtyui;xcvbnm;1864-7-9
31;werty;ertyuiopas;1864-7-9
32;m;vbnm;1864-7-9
33;sdfgh;nm;1864-7-9
34;yuiop;ertyuiopas;1864-7-9
35;zxcvb;xcvbnm;1864-7-9
36;m;jklzxcvbnm;1864-7-9
37;tyuio;cvbnm;1864-7-9
38;uiopa;sdfghjklzx;1864-7-9
39;werty;ghjklzxcvb;1864-7-9
40;rtyui;uiopasdfgh;1864-7-9
41;ertyu;pasdfghjkl;1864-7-9
42;rtyui;ertyuiopas;1864-7-9
43;ertyu;lzxcvbnm;1864-7-9
44;cvbnm;ertyuiopas;1864-7-9
45;ghjkl;vbnm;1864-7-9
46;vbnm;dfghjklzxc;1864-7-9
47;opasd;yuiopasdfg;1864-7-9
48;yuiop;zxcvbnm;1864-7-9
49;ghjkl;dfghjklzxc;1864-7-9
50;jklzx;rtyuiopasd;1864-7-9
51;ertyu;qwertyuiop;1864-7-9
52;werty;fghjklzxcv;1864-7-9
53;tyuio;asdfghjklz;1864-7-9
54;iopas;qwertyuiop;1864-7-9
55;tyuio;qwertyuiop;1864-7-9
56;xcvbn;hjklzxcvbn;1864-7-9
57;vbnm;qwertyuiop;1864-7-9
58;werty;qwertyuiop;1864-7-9
59;ertyu;bnm;1864-7-9
60;zxcvb;xcvbnm;1864-7-9
61;fghjk;rtyuiopasd;1864-7-9
62;werty;iopasdfghj;1864-7-9
63;vbnm;hjklzxcvbn;1864-7-9
64;sdfgh;iopasdfghj;1864-7-9
65;werty;opasdfghjk;1864-7-9
66;klzxc;asdfghjklz;1864-7-9
67;werty;sdfghjklzx;1864-7-9
68;zxcvb;asdfghjklz;1864-7-9
69;ertyu;iopasdfghj;1864-7-9
70;ghjkl;cvbnm;1864-7-9
71;iopas;ghjklzxcvb;1864-7-9
72;fghjk;dfghjklzxc;1864-7-9
73;cvbnm;ghjklzxcvb;1864-7-9
74;m;vbnm;1864-7-9
75;fghjk;rtyuiopasd;1864-7-9
76;zxcvb;fghjklzxcv;1864-7-9
77;uiopa;iopasdfghj;1864-7-9
78;bnm;asdfghjklz;1864-7-9
79;yuiop;qwertyuiop;1864-7-9
80;jklzx;yuiopasdfg;1864-7-9
81;ertyu;jklzxcvbnm;1864-7-9
82;iopas;klzxcvbnm;1864-7-9
83;dfghj;klzxcvbnm;1864-7-9
84;klzxc;asdfghjklz;1864-7-9
85;dfghj;cvbnm;1864-7-9
86;hjklz;m;1864-7-9
87;xcvbn;dfghjklzxc;1864-7-9
88;uiopa;lzxcvbnm;1864-7-9
89;opasd;bnm;1864-7-9
90;lzxcv;opasdfghjk;1864-7-9
91;qwert;ertyuiopas;1864-7-9
92;cvbnm;tyuiopasdf;1864-7-9
93;opasd;rtyuiopasd;1864-7-9
94;fghjk;xcvbnm;1864-7-9
95;cvbnm;asdfghjklz;1864-7-9
96;hjklz;jklzxcvbnm;1864-7-9
97;sdfgh;ghjklzxcvb;1864-7-9
98;lzxcv;m;1864-7-9
99;uiopa;iopasdfghj;1864-7-9
100;ertyu;zxcvbnm;1864-7-9
101;klzxc;m;1864-7-9
102;nm;iopasdfghj;1864-7-9
103;xcvbn;bnm;1864-7-9
104;vbnm;klzxcvbnm;1864-7-9
105;jklzx;zxcvbnm;1864-7-9
106;hjklz;tyuiopasdf;1864-7-9
107;ghjkl;asdfghjklz;1864-7-9
108;ghjkl;ertyuiopas;1864-7-9
109;hjklz;uiopasdfgh;1864-7-9
110;asdfg;jklzxcvbnm;1864-7-9
111;lzxcv;asdfghjklz;1864-7-9
112;uiopa;lzxcvbnm;1864-7-9
113;nm;pasdfghjkl;1864-7-9
114;iopas;ertyuiopas;1864-7-9
115;iopas;cvbnm;1864-7-9
116;opasd;uiopasdfgh;1864-7-9
117;cvbnm;iopasdfghj;1864-7-9
118;rtyui;dfghjklzxc;1864-7-9
119;rtyui;sdfghjklzx;1864-7-9
120;tyuio;wertyuiopa;1864-7-9
121;opasd;asdfghjklz;1864-7-9
122;ghjkl;qwertyuiop;1864-7-9
123;asdfg;nm;1864-7-9
124;bnm;ghjklzxcvb;1864-7-9
125;zxcvb;dfghjklzxc;1864-7-9
126;tyuio;tyuiopasdf;1864-7-9
127;vbnm;klzxcvbnm;1864-7-9
128;zxcvb;rtyuiopasd;1864-7-9
129;qwert;asdfghjklz;1864-7-9
130;nm;cvbnm;1864-7-9
131;fghjk;fghjklzxcv;1864-7-9
132;lzxcv;m;1864-7-9
133;iopas;ghjklzxcvb;1864-7-9
134;jklzx;ghjklzxcvb;1864-7-9
135;m;cvbnm;1864-7-9
136;xcvbn;wertyuiopa;1864-7-9
137;klzxc;uiopasdfgh;1864-7-9
138;jklzx;zxcvbnm;1864-7-9
139;iopas;vbnm;1864-7-9
140;dfghj;sdfghjklzx;1864-7-9
141;dfghj;lzxcvbnm;1864-7-9
142;ertyu;vbnm;1864-7-9
143;zxcvb;klzxcvbnm;1864-7-9
144;rtyui;nm;1864-7-9
145;fghjk;wertyuiopa;1864-7-9
146;sdfgh;opasdfghjk;1864-7-9
147;xcvbn;lzxcvbnm;1864-7-9
148;lzxcv;nm;1864-7-9
149;cvbnm;m;1864-7-9
150;klzxc;pasdfghjkl;1864-7-9
151;iopas;sdfghjklzx;1864-7-9
152;tyuio;qwertyuiop;1864-7-9
153;xcvbn;xcvbnm;1864-7-9
154;asdfg;vbnm;1864-7-9
155;sdfgh;iopasdfghj;1864-7-9
156;opasd;fghjklzxcv;1864-7-9
157;tyuio;pasdfghjkl;1864-7-9
158;pasdf;bnm;1864-7-9
159;pasdf;iopasdfghj;1864-7-9
160;rtyui;vbnm;1864-7-9
161;rtyui;nm;1864-7-9
162;rtyui;xcvbnm;1864-7-9
163;werty;lzxcvbnm;1864-7-9
164;cvbnm;ghjklzxcvb;1864-7-9
165;sdfgh;bnm;1864-7-9
166;yuiop;opasdfghjk;1864-7-9
167;fghjk;jklzxcvbnm;1864-7-9
168;jklzx;ertyuiopas;1864-7-9
169;klzxc;sdfghjklzx;1864-7-9
170;qwert;opasdfghjk;1864-7-9
171;hjklz;uiopasdfgh;1864-7-9
172;tyuio;m;1864-7-9
173;dfghj;bnm;1864-7-9
174;yuiop;klzxcvbnm;1864-7-9
175;ghjkl;uiopasdfgh;1864-7-9
176;tyuio;ertyuiopas;1864-7-9
177;nm;klzxcvbnm;1864-7-9
178;uiopa;ertyuiopas;1864-7-9
179;klzxc;dfghjklzxc;1864-7-9
180;fghjk;hjklzxcvbn;1864-7-9
181;ghjkl;vbnm;1864-7-9
182;uiopa;yuiopasdfg;1864-7-9
183;cvbnm;dfghjklzxc;1864-7-9
184;pasdf;ghjklzxcvb;1864-7-9
185;lzxcv;hjklzxcvbn;1864-7-9
186;ghjkl;dfghjklzxc;1864-7-9
187;vbnm;uiopasdfgh;1864-7-9
188;ertyu;asdfghjklz;1864-7-9
189;opasd;klzxcvbnm;1864-7-9
190;opasd;iopasdfghj;1864-7-9
191;xcvbn;dfghjklzxc;1864-7-9
192;vbnm;bnm;1864-7-9
193;hjklz;tyuiopasdf;1864-7-9
194;uiopa;m;1864-7-9
195;sdfgh;fghjklzxcv;1864-7-9
196;ertyu;klzxcvbnm;1864-7-9
197;zxcvb;wertyuiopa;1864-7-9
198;m;qwertyuiop;1864-7-9
199;m;bnm;1864-7-9
200;werty;fghjklzxcv;1864-7-9
201;hjklz;cvbnm;1864-7-9
202;uiopa;opasdfghjk;1864-7-9
203;lzxcv;yuiopasdfg;1864-7-9
204;pasdf;ghjklzxcvb;1864-7-9
205;yuiop;fghjklzxcv;1864-7-9
206;bnm;rtyuiopasd;1864-7-9
207;iopas;cvbnm;1864-7-9
208;werty;asdfghjklz;1864-7-9
209;opasd;ghjklzxcvb;1864-7-9
210;cvbnm;nm;1864-7-9
211;zxcvb;asdfghjklz;1864-7-9
212;xcvbn;wertyuiopa;1864-7-9
213;cvbnm;m;1864-7-9
214;klzxc;xcvbnm;1864-7-9
215;cvbnm;asdfghjklz;1864-7-9
216;dfghj;lzxcvbnm;1864-7-9
217;lzxcv;ghjklzxcvb;1864-7-9
218;jklzx;nm;1864-7-9
219;klzxc;wertyuiopa;1864-7-9
220;tyuio;jklzxcvbnm;1864-7-9
221;nm;sdfghjklzx;1864-7-9
222;xcvbn;jklzxcvbnm;1864-7-9
223;iopas;wertyuiopa;1864-7-9
224;xcvbn;bnm;1864-7-9
225;ertyu;tyuiopasdf;1864-7-9
226;m;xcvbnm;1864-7-9
227;lzxcv;asdfghjklz;1864-7-9
228;uiopa;pasdfghjkl;1864-7-9
229;uiopa;qwertyuiop;1864-7-9
230;tyuio;jklzxcvbnm;1864-7-9
231;m;rtyuiopasd;1864-7-9
232;uiopa;ertyuiopas;1864-7-9
233;m;tyuiopasdf;1864-7-9
234;sdfgh;klzxcvbnm;1864-7-9
235;werty;ertyuiopas;1864-7-9
236;klzxc;ghjklzxcvb;1864-7-9
237;jklzx;hjklzxcvbn;1864-7-9
238;xcvbn;jklzxcvbnm;1864-7-9
239;xcvbn;sdfghjklzx;1864-7-9
240;lzxcv;uiopasdfgh;1864-7-9
241;ghjkl;hjklzxcvbn;1864-7-9
242;ertyu;uiopasdfgh;1864-7-9
243;ghjkl;xcvbnm;1864-7-9
244;bnm;ertyuiopas;1864-7-9
245;nm;zxcvbnm;1864-7-9
246;m;opasdfghjk;1864-7-9
247;pasdf;rtyuiopasd;1864-7-9
248;tyuio;hjklzxcvbn;1864-7-9
249;ghjkl;wertyuiopa;1864-7-9
250;opasd;pasdfghjkl;1864-7-9
251;ertyu;ertyuiopas;1864-7-9
252;qwert;bnm;1864-7-9
253;opasd;zxcvbnm;1864-7-9
254;klzxc;klzxcvbnm;1864-7-9
255;yuiop;lzxcvbnm;1864-7-9
256;klzxc;dfghjklzxc;1864-7-9
257;vbnm;cvbnm;1864-7-9
258;vbnm;jklzxcvbnm;1864-7-9
259;tyuio;bnm;1864-7-9
260;cvbnm;zxcvbnm;1864-7-9
261;tyuio;dfghjklzxc;1864-7-9
262;rtyui;m;1864-7-9
263;nm;klzxcvbnm;1864-7-9
264;ghjkl;dfghjklzxc;1864-7-9
265;m;yuiopasdfg;1864-7-9
266;dfghj;wertyuiopa;1864-7-9
267;yuiop;pasdfghjkl;1864-7-9
268;pasdf;uiopasdfgh;1864-7-9
269;dfghj;sdfghjklzx;1864-7-9
270;bnm;opasdfghjk;1864-7-9
271;opasd;ghjklzxcvb;1864-7-9
272;pasdf;asdfghjklz;1864-7-9
273;cvbnm;asdfghjklz;1864-7-9
274;lzxcv;zxcvbnm;1864-7-9
275;tyuio;vbnm;1864-7-9
276;yuiop;dfghjklzxc;1864-7-9
277;rtyui;m;1864-7-9
278;tyuio;yuiopasdfg;1864-7-9
279;sdfgh;nm;1864-7-9
280;sdfgh;cvbnm;1864-7-9
281;klzxc;yuiopasdfg;1864-7-9
282;ghjkl;wertyuiopa;1864-7-9
283;dfghj;xcvbnm;1864-7-9
284;jklzx;vbnm;1864-7-9
285;m;vbnm;1864-7-9
286;opasd;dfghjklzxc;1864-7-9
287;qwert;wertyuiopa;1864-7-9
288;vbnm;rtyuiopasd;1864-7-9
289;qwert;xcvbnm;1864-7-9
290;iopas;wertyuiopa;1864-7-9
291;rtyui;fghjklzxcv;1864-7-9
292;asdfg;tyuiopasdf;1864-7-9
293;hjklz;yuiopasdfg;1864-7-9
294;rtyui;lzxcvbnm;1864-7-9
295;ertyu;opasdfghjk;1864-7-9
296;uiopa;ghjklzxcvb;1864-7-9
297;xcvbn;cvbnm;1864-7-9
298;iopas;sdfghjklzx;1864-7-9
299;asdfg;klzxcvbnm;1864-7-9
300;sdfgh;bnm;1864-7-9
301;xcvbn;nm;1864-7-9
302;uiopa;hjklzxcvbn;1864-7-9
303;werty;cvbnm;1864-7-9
304;nm;sdfghjklzx;1864-7-9
305;iopas;ghjklzxcvb;1864-7-9
306;asdfg;zxcvbnm;1864-7-9
307;m;hjklzxcvbn;1864-7-9
308;pasdf;m;1864-7-9
309;pasdf;asdfghjklz;1864-7-9
310;lzxcv;yuiopasdfg;1864-7-9
311;asdfg;xcvbnm;1864-7-9
312;rtyui;vbnm;1864-7-9
313;nm;dfghjklzxc;1864-7-9
314;klzxc;sdfghjklzx;1864-7-9
315;zxcvb;xcvbnm;1864-7-9
316;jklzx;iopasdfghj;1864-7-9
317;lzxcv;zxcvbnm;1864-7-9
318;m;ertyuiopas;1864-7-9
319;zxcvb;nm;1864-7-9
320;dfghj;xcvbnm;1864-7-9
321;lzxcv;lzxcvbnm;1864-7-9
322;vbnm;iopasdfghj;1864-7-9
323;vbnm;nm;1864-7-9
324;vbnm;iopasdfghj;1864-7-9
325;xcvbn;m;1864-7-9
326;lzxcv;zxcvbnm;1864-7-9
327;jklzx;zxcvbnm;1864-7-9
328;dfghj;klzxcvbnm;1864-7-9
329;lzxcv;zxcvbnm;1864-7-9
330;zxcvb;tyuiopasdf;1864-7-9
331;jklzx;wertyuiopa;1864-7-9
332;yuiop;fghjklzxcv;1864-7-9
333;fghjk;hjklzxcvbn;1864-7-9
334;vbnm;pasdfghjkl;1864-7-9
335;opasd;zxcvbnm;1864-7-9
336;lzxcv;pasdfghjkl;1864-7-9
337;cvbnm;asdfghjklz;1864-7-9
338;klzxc;bnm;1864-7-9
339;m;asdfghjklz;1864-7-9
340;fghjk;dfghjklzxc;1864-7-9
341;sdfgh;ghjklzxcvb;1864-7-9
342;yuiop;asdfghjklz;1864-7-9
343;rtyui;xcvbnm;1864-7-9
344;xcvbn;qwertyuiop;1864-7-9
345;dfghj;ertyuiopas;1864-7-9
346;zxcvb;dfghjklzxc;1864-7-9
347;iopas;m;1864-7-9
348;bnm;wertyuiopa;1864-7-9
349;nm;jklzxcvbnm;1864-7-9
350;vbnm;rtyuiopasd;1864-7-9
351;jklzx;ghjklzxcvb;1864-7-9
352;vbnm;sdfghjklzx;1864-7-9
353;jklzx;tyuiopasdf;1864-7-9
354;hjklz;rtyuiopasd;1864-7-9
355;uiopa;zxcvbnm;1864-7-9
356;lzxcv;cvbnm;1864-7-9
357;ertyu;opasdfghjk;1864-7-9
358;fghjk;bnm;1864-7-9
359;bnm;vbnm;1864-7-9
360;lzxcv;bnm;1864-7-9
361;jklzx;qwertyuiop;1864-7-9
362;hjklz;m;1864-7-9
363;pasdf;klzxcvbnm;1864-7-9
364;vbnm;jklzxcvbnm;1864-7-9
365;pasdf;m;1864-7-9
366;lzxcv;cvbnm;1864-7-9
367;hjklz;uiopasdfgh;1864-7-9
368;m;sdfghjklzx;1864-7-9
369;opasd;vbnm;1864-7-9
370;qwert;bnm;1864-7-9
371;yuiop;tyuiopasdf;1864-7-9
372;yuiop;wertyuiopa;1864-7-9
373;rtyui;fghjklzxcv;1864-7-9
374;sdfgh;xcvbnm;1864-7-9
375;pasdf;opasdfghjk;1864-7-9
376;tyuio;wertyuiopa;1864-7-9
377;pasdf;ertyuiopas;1864-7-9
378;ertyu;wertyuiopa;1864-7-9
379;qwert;tyuiopasdf;1864-7-9
380;rtyui;cvbnm;1864-7-9
381;iopas;fghjklzxcv;1864-7-9
382;yuiop;wertyuiopa;1864-7-9
383;hjklz;sdfghjklzx;1864-7-9
384;bnm;tyuiopasdf;1864-7-9
385;uiopa;zxcvbnm;1864-7-9
386;zxcvb;tyuiopasdf;1864-7-9
387;ertyu;tyuiopasdf;1864-7-9
388;pasdf;rtyuiopasd;1864-7-9
389;asdfg;asdfghjklz;1864-7-9
390;cvbnm;sdfghjklzx;1864-7-9
391;klzxc;ertyuiopas;1864-7-9
392;hjklz;m;1864-7-9
393;rtyui;pasdfghjkl;1864-7-9
394;m;rtyuiopasd;1864-7-9
395;nm;zxcvbnm;1864-7-9
396;ghjkl;qwertyuiop;1864-7-9
397;klzxc;tyuiopasdf;1864-7-9
398;vbnm;vbnm;1864-7-9
399;klzxc;hjklzxcvbn;1864-7-9
400;vbnm;qwertyuiop;1864-7-9
401;ghjkl;wertyuiopa;1864-7-9
402;zxcvb;tyuiopasdf;1864-7-9
403;lzxcv;opasdfghjk;1864-7-9
404;xcvbn;xcvbnm;1864-7-9
405;werty;vbnm;1864-7-9
406;iopas;cvbnm;1864-7-9
407;iopas;bnm;1864-7-9
408;opasd;bnm;1864-7-9
409;vbnm;nm;1864-7-9
410;xcvbn;sdfghjklzx;1864-7-9
411;zxcvb;lzxcvbnm;1864-7-9
412;xcvbn;klzxcvbnm;1864-7-9
413;bnm;m;1864-7-9
414;zxcvb;uiopasdfgh;1864-7-9
415;iopas;jklzxcvbnm;1864-7-9
416;ertyu;cvbnm;1864-7-9
417;nm;lzxcvbnm;1864-7-9
418;qwert;xcvbnm;1864-7-9
419;vbnm;qwertyuiop;1864-7-9
420;m;dfghjklzxc;1864-7-9
421;xcvbn;m;1864-7-9
422;klzxc;qwertyuiop;1864-7-9
423;iopas;ghjklzxcvb;1864-7-9
424;ghjkl;vbnm;1864-7-9
425;pasdf;uiopasdfgh;1864-7-9
426;pasdf;klzxcvbnm;1864-7-9
427;cvbnm;yuiopasdfg;1864-7-9
428;tyuio;iopasdfghj;1864-7-9
429;werty;lzxcvbnm;1864-7-9
430;lzxcv;opasdfghjk;1864-7-9
431;nm;vbnm;1864-7-9
432;uiopa;ertyuiopas;1864-7-9
433;xcvbn;iopasdfghj;1864-7-9
434;pasdf;bnm;1864-7-9
435;opasd;sdfghjklzx;1864-7-9
436;vbnm;vbnm;1864-7-9
437;dfghj;lzxcvbnm;1864-7-9
438;nm;rtyuiopasd;1864-7-9
439;sdfgh;hjklzxcvbn;1864-7-9
440;yuiop;nm;1864-7-9
441;asdfg;iopasdfghj;1864-7-9
442;jklzx;dfghjklzxc;1864-7-9
443;ghjkl;asdfghjklz;1864-7-9
444;yuiop;tyuiopasdf;1864-7-9
445;yuiop;opasdfghjk;1864-7-9
446;hjklz;dfghjklzxc;1864-7-9
447;ertyu;sdfghjklzx;1864-7-9
448;iopas;iopasdfghj;1864-7-9
449;ghjkl;jklzxcvbnm;1864-7-9
450;pasdf;yuiopasdfg;1864-7-9
451;ghjkl;dfghjklzxc;1864-7-9
452;qwert;zxcvbnm;1864-7-9
453;vbnm;qwertyuiop;1864-7-9
454;hjklz;jklzxcvbnm;1864-7-9
455;yuiop;yuiopasdfg;1864-7-9
456;hjklz;fghjklzxcv;1864-7-9
457;nm;nm;1864-7-9
458;hjklz;dfghjklzxc;1864-7-9
459;lzxcv;asdfghjklz;1864-7-9
460;fghjk;sdfghjklzx;1864-7-9
461;xcvbn;iopasdfghj;1864-7-9
462;xcvbn;zxcvbnm;1864-7-9
463;uiopa;ghjklzxcvb;1864-7-9
464;fghjk;nm;1864-7-9
465;zxcvb;jklzxcvbnm;1864-7-9
466;sdfgh;vbnm;1864-7-9
467;lzxcv;zxcvbnm;1864-7-9
468;xcvbn;jklzxcvbnm;1864-7-9
469;asdfg;dfghjklzxc;1864-7-9
470;hjklz;yuiopasdfg;1864-7-9
471;ertyu;ertyuiopas;1864-7-9
472;klzxc;klzxcvbnm;1864-7-9
473;lzxcv;ertyuiopas;1864-7-9
474;nm;klzxcvbnm;1864-7-9
475;ghjkl;tyuiopasdf;1864-7-9
476;lzxcv;ertyuiopas;1864-7-9
477;klzxc;ertyuiopas;1864-7-9
478;ghjkl;jklzxcvbnm;1864-7-9
479;asdfg;uiopasdfgh;1864-7-9
480;klzxc;zxcvbnm;1864-7-9
481;ghjkl;m;1864-7-9
482;fghjk;m;1864-7-9
483;jklzx;zxcvbnm;1864-7-9
484;dfghj;opasdfghjk;1864-7-9
485;fghjk;lzxcvbnm;1864-7-9
486;ghjkl;yuiopasdfg;1864-7-9
487;ertyu;ghjklzxcvb;1864-7-9
488;klzxc;dfghjklzxc;1864-7-9
489;tyuio;ghjklzxcvb;1864-7-9
490;dfghj;xcvbnm;1864-7-9
491;fghjk;iopasdfghj;1864-7-9
492;dfghj;fghjklzxcv;1864-7-9
493;dfghj;dfghjklzxc;1864-7-9
494;fghjk;sdfghjklzx;1864-7-9
495;jklzx;dfghjklzxc;1864-7-9
496;dfghj;pasdfghjkl;1864-7-9
497;asdfg;vbnm;1864-7-9
498;fghjk;opasdfghjk;1864-7-9
499;klzxc;cvbnm;1864-7-9
500;hjklz;uiopasdfgh;1864-7-9
501;fghjk;tyuiopasdf;1864-7-9
502;klzxc;xcvbnm;1864-7-9
503;iopas;jklzxcvbnm;1864-7-9
504;cvbnm;jklzxcvbnm;1864-7-9
505;klzxc;bnm;1864-7-9
506;ghjkl;tyuiopasdf;1864-7-9
507;jklzx;klzxcvbnm;1864-7-9
508;xcvbn;hjklzxcvbn;1864-7-9
509;xcvbn;lzxcvbnm;1864-7-9
510;fghjk;cvbnm;1864-7-9
511;zxcvb;yuiopasdfg;1864-7-9
512;yuiop;bnm;1864-7-9
513;zxcvb;lzxcvbnm;1864-7-9
514;lzxcv;xcvbnm;1864-7-9
515;sdfgh;wertyuiopa;1864-7-9
516;klzxc;wertyuiopa;1864-7-9
517;klzxc;jklzxcvbnm;1864-7-9
518;klzxc;hjklzxcvbn;1864-7-9
519;rtyui;opasdfghjk;1864-7-9
520;fghjk;ghjklzxcvb;1864-7-9
521;asdfg;bnm;1864-7-9
522;klzxc;sdfghjklzx;1864-7-9
523;ertyu;sdfghjklzx;1864-7-9
524;pasdf;hjklzxcvbn;1864-7-9
525;sdfgh;asdfghjklz;1864-7-9
526;ghjkl;qwertyuiop;1864-7-9
527;klzxc;zxcvbnm;1864-7-9
528;sdfgh;fghjklzxcv;1864-7-9
529;xcvbn;zxcvbnm;1864-7-9
530;ertyu;qwertyuiop;1864-7-9
531;werty;fghjklzxcv;1864-7-9
532;ghjkl;ertyuiopas;1864-7-9
533;jklzx;hjklzxcvbn;1864-7-9
534;lzxcv;uiopasdfgh;1864-7-9
535;yuiop;vbnm;1864-7-9
536;asdfg;wertyuiopa;1864-7-9
537;lzxcv;rtyuiopasd;1864-7-9
538;opasd;vbnm;1864-7-9
539;zxcvb;qwertyuiop;1864-7-9
540;sdfgh;m;1864-7-9
541;bnm;asdfghjklz;1864-7-9
542;opasd;ghjklzxcvb;1864-7-9
543;jklzx;wertyuiopa;1864-7-9
544;lzxcv;uiopasdfgh;1864-7-9
545;ghjkl;zxcvbnm;1864-7-9
546;asdfg;zxcvbnm;1864-7-9
547;iopas;uiopasdfgh;1864-7-9
548;cvbnm;pasdfghjkl;1864-7-9
549;tyuio;lzxcvbnm;1864-7-9
550;tyuio;cvbnm;1864-7-9
551;opasd;dfghjklzxc;1864-7-9
552;nm;bnm;1864-7-9
553;rtyui;ertyuiopas;1864-7-9
554;cvbnm;jklzxcvbnm;1864-7-9
555;xcvbn;ertyuiopas;1864-7-9
556;fghjk;nm;1864-7-9
557;rtyui;dfghjklzxc;1864-7-9
558;lzxcv;cvbnm;1864-7-9
559;hjklz;fghjklzxcv;1864-7-9
560;nm;hjklzxcvbn;1864-7-9
561;werty;ertyuiopas;1864-7-9
562;hjklz;hjklzxcvbn;1864-7-9
563;dfghj;fghjklzxcv;1864-7-9
564;ghjkl;hjklzxcvbn;1864-7-9
565;werty;qwertyuiop;1864-7-9
566;jklzx;tyuiopasdf;1864-7-9
567;tyuio;opasdfghjk;1864-7-9
568;zxcvb;m;1864-7-9
569;pasdf;m;1864-7-9
570;vbnm;xcvbnm;1864-7-9
571;ertyu;klzxcvbnm;1864-7-9
572;m;uiopasdfgh;1864-7-9
573;jklzx;cvbnm;1864-7-9
574;bnm;nm;1864-7-9
575;iopas;xcvbnm;1864-7-9
576;sdfgh;qwertyuiop;1864-7-9
577;sdfgh;ghjklzxcvb;1864-7-9
578;opasd;iopasdfghj;1864-7-9
579;uiopa;sdfghjklzx;1864-7-9
580;klzxc;vbnm;1864-7-9
581;sdfgh;asdfghjklz;1864-7-9
582;dfghj;wertyuiopa;1864-7-9
583;ghjkl;asdfghjklz;1864-7-9
584;ertyu;uiopasdfgh;1864-7-9
585;sdfgh;hjklzxcvbn;1864-7-9
586;nm;tyuiopasdf;1864-7-9
587;m;rtyuiopasd;1864-7-9
588;uiopa;wertyuiopa;1864-7-9
589;iopas;fghjklzxcv;1864-7-9
590;sdfgh;qwertyuiop;1864-7-9
591;hjklz;wertyuiopa;1864-7-9
592;xcvbn;fghjklzxcv;1864-7-9
593;lzxcv;bnm;1864-7-9
594;hjklz;dfghjklzxc;1864-7-9
595;lzxcv;qwertyuiop;1864-7-9
596;fghjk;cvbnm;1864-7-9
597;iopas;rtyuiopasd;1864-7-9
598;sdfgh;sdfghjklzx;1864-7-9
599;bnm;ertyuiopas;1864-7-9
600;nm;wertyuiopa;1864-7-9
601;pasdf;hjklzxcvbn;1864-7-9
602;m;uiopasdfgh;1864-7-9
603;vbnm;rtyuiopasd;1864-7-9
604;fghjk;m;1864-7-9
605;qwert;hjklzxcvbn;1864-7-9
606;rtyui;nm;1864-7-9
607;ghjkl;vbnm;1864-7-9
608;lzxcv;dfghjklzxc;1864-7-9
609;cvbnm;ghjklzxcvb;1864-7-9
610;jklzx;opasdfghjk;1864-7-9
611;m;bnm;1864-7-9
612;ghjkl;jklzxcvbnm;1864-7-9
613;zxcvb;xcvbnm;1864-7-9
614;sdfgh;hjklzxcvbn;1864-7-9
615;sdfgh;yuiopasdfg;1864-7-9
616;zxcvb;opasdfghjk;1864-7-9
617;qwert;rtyuiopasd;1864-7-9
618;bnm;fghjklzxcv;1864-7-9
619;werty;dfghjklzxc;1864-7-9
620;fghjk;zxcvbnm;1864-7-9
621;lzxcv;iopasdfghj;1864-7-9
622;qwert;zxcvbnm;1864-7-9
623;zxcvb;jklzxcvbnm;1864-7-9
624;lzxcv;nm;1864-7-9
625;nm;sdfghjklzx;1864-7-9
626;dfghj;rtyuiopasd;1864-7-9
627;zxcvb;bnm;1864-7-9
628;pasdf;asdfghjklz;1864-7-9
629;bnm;zxcvbnm;1864-7-9
630;hjklz;dfghjklzxc;1864-7-9
631;sdfgh;xcvbnm;1864-7-9
632;werty;iopasdfghj;1864-7-9
633;pasdf;iopasdfghj;1864-7-9
634;ghjkl;m;1864-7-9
635;pasdf;tyuiopasdf;1864-7-9
636;werty;xcvbnm;1864-7-9
637;qwert;jklzxcvbnm;1864-7-9
638;opasd;zxcvbnm;1864-7-9
639;hjklz;iopasdfghj;1864-7-9
640;tyuio;m;1864-7-9
641;pasdf;qwertyuiop;1864-7-9
642;qwert;rtyuiopasd;1864-7-9
643;ghjkl;m;1864-7-9
644;hjklz;rtyuiopasd;1864-7-9
645;ertyu;zxcvbnm;1864-7-9
646;sdfgh;asdfghjklz;1864-7-9
647;lzxcv;nm;1864-7-9
648;ertyu;qwertyuiop;1864-7-9
649;jklzx;wertyuiopa;1864-7-9
650;sdfgh;lzxcvbnm;1864-7-9
651;asdfg;qwertyuiop;1864-7-9
652;bnm;vbnm;1864-7-9
653;ghjkl;sdfghjklzx;1864-7-9
654;xcvbn;uiopasdfgh;1864-7-9
655;opasd;xcvbnm;1864-7-9
656;xcvbn;nm;1864-7-9
657;rtyui;fghjklzxcv;1864-7-9
658;lzxcv;asdfghjklz;1864-7-9
659;werty;tyuiopasdf;1864-7-9
660;hjklz;lzxcvbnm;1864-7-9
661;uiopa;qwertyuiop;1864-7-9
662;pasdf;zxcvbnm;1864-7-9
663;m;vbnm;1864-7-9
664;qwert;ertyuiopas;1864-7-9
665;bnm;uiopasdfgh;1864-7-9
666;uiopa;sdfghjklzx;1864-7-9
667;fghjk;klzxcvbnm;1864-7-9
668;hjklz;hjklzxcvbn;1864-7-9
669;ghjkl;zxcvbnm;1864-7-9
670;xcvbn;zxcvbnm;1864-7-9
671;ghjkl;lzxcvbnm;1864-7-9
672;nm;m;1864-7-9
673;nm;opasdfghjk;1864-7-9
674;iopas;tyuiopasdf;1864-7-9
675;asdfg;uiopasdfgh;1864-7-9
676;m;fghjklzxcv;1864-7-9
677;klzxc;nm;1864-7-9
678;xcvbn;tyuiopasdf;1864-7-9
679;werty;wertyuiopa;1864-7-9
680;vbnm;rtyuiopasd;1864-7-9
681;vbnm;iopasdfghj;1864-7-9
682;iopas;rtyuiopasd;1864-7-9
683;nm;dfghjklzxc;1864-7-9
684;m;wertyuiopa;1864-7-9
685;fghjk;nm;1864-7-9
686;nm;pasdfghjkl;1864-7-9
687;uiopa;nm;1864-7-9
688;opasd;uiopasdfgh;1864-7-9
689;zxcvb;dfghjklzxc;1864-7-9
690;werty;cvbnm;1864-7-9
691;xcvbn;cvbnm;1864-7-9
692;dfghj;iopasdfghj;1864-7-9
693;m;jklzxcvbnm;1864-7-9
694;pasdf;fghjklzxcv;1864-7-9
695;uiopa;hjklzxcvbn;1864-7-9
696;asdfg;m;1864-7-9
697;ghjkl;klzxcvbnm;1864-7-9
698;uiopa;jklzxcvbnm;1864-7-9
699;m;pasdfghjkl;1864-7-9
700;ghjkl;tyuiopasdf;1864-7-9
701;rtyui;nm;1864-7-9
702;pasdf;ertyuiopas;1864-7-9
703;yuiop;uiopasdfgh;1864-7-9
704;asdfg;opasdfghjk;1864-7-9
705;cvbnm;zxcvbnm;1864-7-9
706;cvbnm;xcvbnm;1864-7-9
707;m;qwertyuiop;1864-7-9
708;vbnm;lzxcvbnm;1864-7-9
709;qwert;ertyuiopas;1864-7-9
710;lzxcv;vbnm;1864-7-9
711;m;bnm;1864-7-9
712;bnm;pasdfghjkl;1864-7-9
713;hjklz;qwertyuiop;1864-7-9
714;opasd;nm;1864-7-9
715;lzxcv;ghjklzxcvb;1864-7-9
716;yuiop;opasdfghjk;1864-7-9
717;ghjkl;qwertyuiop;1864-7-9
718;yuiop;bnm;1864-7-9
719;vbnm;dfghjklzxc;1864-7-9
720;klzxc;rtyuiopasd;1864-7-9
721;sdfgh;ghjklzxcvb;1864-7-9
722;qwert;rtyuiopasd;1864-7-9
723;bnm;rtyuiopasd;1864-7-9
724;ertyu;lzxcvbnm;1864-7-9
725;xcvbn;pasdfghjkl;1864-7-9
726;hjklz;nm;1864-7-9
727;hjklz;vbnm;1864-7-9
728;sdfgh;fghjklzxcv;1864-7-9
729;cvbnm;tyuiopasdf;1864-7-9
730;cvbnm;jklzxcvbnm;1864-7-9
731;zxcvb;lzxcvbnm;1864-7-9
732;tyuio;iopasdfghj;1864-7-9
733;werty;bnm;1864-7-9
734;rtyui;hjklzxcvbn;1864-7-9
735;ertyu;lzxcvbnm;1864-7-9
736;rtyui;wertyuiopa;1864-7-9
737;nm;xcvbnm;1864-7-9
738;pasdf;uiopasdfgh;1864-7-9
739;m;asdfghjklz;1864-7-9
740;yuiop;cvbnm;1864-7-9
741;vbnm;nm;1864-7-9
742;dfghj;opasdfghjk;1864-7-9
743;opasd;ghjklzxcvb;1864-7-9
744;uiopa;iopasdfghj;1864-7-9
745;cvbnm;zxcvbnm;1864-7-9
746;hjklz;hjklzxcvbn;1864-7-9
747;lzxcv;klzxcvbnm;1864-7-9
748;nm;ghjklzxcvb;1864-7-9
749;tyuio;cvbnm;1864-7-9
750;sdfgh;rtyuiopasd;1864-7-9
751;werty;ghjklzxcvb;1864-7-9
752;m;uiopasdfgh;1864-7-9
753;zxcvb;tyuiopasdf;1864-7-9
754;sdfgh;dfghjklzxc;1864-7-9
755;pasdf;wertyuiopa;1864-7-9
756;uiopa;cvbnm;1864-7-9
757;iopas;ertyuiopas;1864-7-9
758;rtyui;ghjklzxcvb;1864-7-9
759;lzxcv;jklzxcvbnm;1864-7-9
760;yuiop;lzxcvbnm;1864-7-9
761;iopas;iopasdfghj;1864-7-9
762;cvbnm;jklzxcvbnm;1864-7-9
763;werty;dfghjklzxc;1864-7-9
764;fghjk;yuiopasdfg;1864-7-9
765;vbnm;pasdfghjkl;1864-7-9
766;cvbnm;dfghjklzxc;1864-7-9
767;rtyui;jklzxcvbnm;1864-7-9
768;pasdf;sdfghjklzx;1864-7-9
769;yuiop;m;1864-7-9
770;m;sdfghjklzx;1864-7-9
771;dfghj;yuiopasdfg;1864-7-9
772;klzxc;nm;1864-7-9
773;xcvbn;rtyuiopasd;1864-7-9
774;asdfg;hjklzxcvbn;1864-7-9
775;hjklz;xcvbnm;1864-7-9
776;iopas;xcvbnm;1864-7-9
777;uiopa;fghjklzxcv;1864-7-9
778;tyuio;fghjklzxcv;1864-7-9
779;zxcvb;tyuiopasdf;1864-7-9
780;opasd;tyuiopasdf;1864-7-9
781;sdfgh;qwertyuiop;1864-7-9
782;werty;uiopasdfgh;1864-7-9
783;uiopa;xcvbnm;1864-7-9
784;bnm;vbnm;1864-7-9
785;cvbnm;wertyuiopa;1864-7-9
786;vbnm;qwertyuiop;1864-7-9
787;opasd;ghjklzxcvb;1864-7-9
788;uiopa;yuiopasdfg;1864-7-9
789;xcvbn;tyuiopasdf;1864-7-9
790;cvbnm;opasdfghjk;1864-7-9
791;ghjkl;ertyuiopas;1864-7-9
792;xcvbn;iopasdfghj;1864-7-9
793;jklzx;zxcvbnm;1864-7-9
794;tyuio;m;1864-7-9
795;xcvbn;klzxcvbnm;1864-7-9
796;sdfgh;cvbnm;1864-7-9
797;hjklz;hjklzxcvbn;1864-7-9
798;ertyu;nm;1864-7-9
799;rtyui;ghjklzxcvb;1864-7-9
800;bnm;zxcvbnm;1864-7-9
801;jklzx;fghjklzxcv;1864-7-9
802;dfghj;ertyuiopas;1864-7-9
803;opasd;iopasdfghj;1864-7-9
804;nm;fghjklzxcv;1864-7-9
805;vbnm;zxcvbnm;1864-7-9
806;tyuio;hjklzxcvbn;1864-7-9
807;tyuio;hjklzxcvbn;1864-7-9
808;zxcvb;nm;1864-7-9
809;iopas;asdfghjklz;1864-7-9
810;m;tyuiopasdf;1864-7-9
811;zxcvb;sdfghjklzx;1864-7-9
812;werty;uiopasdfgh;1864-7-9
813;pasdf;yuiopasdfg;1864-7-9
814;werty;iopasdfghj;1864-7-9
815;tyuio;wertyuiopa;1864-7-9
816;sdfgh;klzxcvbnm;1864-7-9
817;m;ghjklzxcvb;1864-7-9
818;rtyui;qwertyuiop;1864-7-9
819;ghjkl;qwertyuiop;1864-7-9
820;sdfgh;bnm;1864-7-9
821;rtyui;iopasdfghj;1864-7-9
822;werty;sdfghjklzx;1864-7-9
823;asdfg;vbnm;1864-7-9
824;uiopa;dfghjklzxc;1864-7-9
825;nm;lzxcvbnm;1864-7-9
826;rtyui;ertyuiopas;1864-7-9
827;vbnm;hjklzxcvbn;1864-7-9
828;ghjkl;iopasdfghj;1864-7-9
829;pasdf;tyuiopasdf;1864-7-9
830;cvbnm;ertyuiopas;1864-7-9
831;zxcvb;wertyuiopa;1864-7-9
832;iopas;asdfghjklz;1864-7-9
833;sdfgh;pasdfghjkl;1864-7-9
834;yuiop;pasdfghjkl;1864-7-9
835;cvbnm;wertyuiopa;1864-7-9
836;ghjkl;klzxcvbnm;1864-7-9
837;tyuio;tyuiopasdf;1864-7-9
838;sdfgh;iopasdfghj;1864-7-9
839;bnm;uiopasdfgh;1864-7-9
840;nm;vbnm;1864-7-9
841;tyuio;ertyuiopas;1864-7-9
842;pasdf;opasdfghjk;1864-7-9
843;vbnm;qwertyuiop;1864-7-9
844;werty;cvbnm;1864-7-9
845;jklzx;tyuiopasdf;1864-7-9
846;pasdf;sdfghjklzx;1864-7-9
847;m;iopasdfghj;1864-7-9
848;zxcvb;uiopasdfgh;1864-7-9
849;qwert;lzxcvbnm;1864-7-9
850;lzxcv;m;1864-7-9
851;pasdf;opasdfghjk;1864-7-9
852;zxcvb;ghjklzxcvb;1864-7-9
853;ghjkl;ertyuiopas;1864-7-9
854;tyuio;rtyuiopasd;1864-7-9
855;dfghj;cvbnm;1864-7-9
856;cvbnm;opasdfghjk;1864-7-9
857;jklzx;tyuiopasdf;1864-7-9
858;hjklz;dfghjklzxc;1864-7-9
859;jklzx;rtyuiopasd;1864-7-9
860;yuiop;jklzxcvbnm;1864-7-9
861;uiopa;uiopasdfgh;1864-7-9
862;tyuio;iopasdfghj;1864-7-9
863;dfghj;pasdfghjkl;1864-7-9
864;pasdf;qwertyuiop;1864-7-9
865;m;sdfghjklzx;1864-7-9
866;sdfgh;uiopasdfgh;1864-7-9
867;zxcvb;ghjklzxcvb;1864-7-9
868;qwert;yuiopasdfg;1864-7-9
869;m;m;1864-7-9
870;opasd;klzxcvbnm;1864-7-9
871;xcvbn;jklzxcvbnm;1864-7-9
872;lzxcv;ertyuiopas;1864-7-9
873;sdfgh;ghjklzxcvb;1864-7-9
874;iopas;zxcvbnm;1864-7-9
875;m;uiopasdfgh;1864-7-9
876;xcvbn;ertyuiopas;1864-7-9
877;jklzx;pasdfghjkl;1864-7-9
878;rtyui;yuiopasdfg;1864-7-9
879;asdfg;dfghjklzxc;1864-7-9
880;jklzx;vbnm;1864-7-9
881;xcvbn;tyuiopasdf;1864-7-9
882;jklzx;hjklzxcvbn;1864-7-9
883;sdfgh;asdfghjklz;1864-7-9
884;tyuio;bnm;1864-7-9
885;opasd;wertyuiopa;1864-7-9
886;asdfg;yuiopasdfg;1864-7-9
887;vbnm;m;1864-7-9
888;nm;rtyuiopasd;1864-7-9
889;tyuio;sdfghjklzx;1864-7-9
890;zxcvb;ghjklzxcvb;1864-7-9
891;zxcvb;fghjklzxcv;1864-7-9
892;klzxc;qwertyuiop;1864-7-9
893;dfghj;ertyuiopas;1864-7-9
894;fghjk;bnm;1864-7-9
895;pasdf;ghjklzxcvb;1864-7-9
896;rtyui;lzxcvbnm;1864-7-9
897;rtyui;klzxcvbnm;1864-7-9
898;vbnm;fghjklzxcv;1864-7-9
899;lzxcv;ertyuiopas;1864-7-9
900;bnm;bnm;1864-7-9
901;jklzx;opasdfghjk;1864-7-9
902;nm;ertyuiopas;1864-7-9
903;klzxc;asdfghjklz;1864-7-9
904;werty;dfghjklzxc;1864-7-9
905;xcvbn;lzxcvbnm;1864-7-9
906;uiopa;jklzxcvbnm;1864-7-9
907;opasd;yuiopasdfg;1864-7-9
908;asdfg;xcvbnm;1864-7-9
909;bnm;dfghjklzxc;1864-7-9
910;nm;vbnm;1864-7-9
911;bnm;uiopasdfgh;1864-7-9
912;sdfgh;hjklzxcvbn;1864-7-9
913;sdfgh;jklzxcvbnm;1864-7-9
914;sdfgh;cvbnm;1864-7-9
915;m;klzxcvbnm;1864-7-9
916;nm;bnm;1864-7-9
917;ghjkl;cvbnm;1864-7-9
918;rtyui;uiopasdfgh;1864-7-9
919;ghjkl;tyuiopasdf;1864-7-9
920;rtyui;bnm;1864-7-9
921;jklzx;opasdfghjk;1864-7-9
922;pasdf;wertyuiopa;1864-7-9
923;zxcvb;rtyuiopasd;1864-7-9
924;opasd;tyuiopasdf;1864-7-9
925;ertyu;iopasdfghj;1864-7-9
926;hjklz;xcvbnm;1864-7-9
927;uiopa;bnm;1864-7-9
928;vbnm;asdfghjklz;1864-7-9
929;yuiop;cvbnm;1864-7-9
930;uiopa;tyuiopasdf;1864-7-9
931;asdfg;rtyuiopasd;1864-7-9
932;m;cvbnm;1864-7-9
933;xcvbn;ertyuiopas;1864-7-9
934;lzxcv;bnm;1864-7-9
935;ertyu;fghjklzxcv;1864-7-9
936;klzxc;xcvbnm;1864-7-9
937;klzxc;qwertyuiop;1864-7-9
938;xcvbn;m;1864-7-9
939;opasd;nm;1864-7-9
940;hjklz;nm;1864-7-9
941;yuiop;klzxcvbnm;1864-7-9
942;pasdf;ghjklzxcvb;1864-7-9
943;dfghj;pasdfghjkl;1864-7-9
944;werty;zxcvbnm;1864-7-9
945;m;tyuiopasdf;1864-7-9
946;rtyui;uiopasdfgh;1864-7-9
947;m;vbnm;1864-7-9
948;uiopa;dfghjklzxc;1864-7-9
949;opasd;xcvbnm;1864-7-9
950;m;nm;1864-7-9
951;yuiop;fghjklzxcv;1864-7-9
952;cvbnm;wertyuiopa;1864-7-9
953;klzxc;opasdfghjk;1864-7-9
954;jklzx;rtyuiopasd;1864-7-9
955;m;m;1864-7-9
956;qwert;bnm;1864-7-9
957;iopas;fghjklzxcv;1864-7-9
958;klzxc;opasdfghjk;1864-7-9
959;ertyu;ertyuiopas;1864-7-9
960;cvbnm;bnm;1864-7-9
961;zxcvb;qwertyuiop;1864-7-9
962;vbnm;m;1864-7-9
963;fghjk;xcvbnm;1864-7-9
964;bnm;dfghjklzxc;1864-7-9
965;lzxcv;dfghjklzxc;1864-7-9
966;zxcvb;nm;1864-7-9
967;iopas;uiopasdfgh;1864-7-9
968;lzxcv;vbnm;1864-7-9
969;fghjk;qwertyuiop;1864-7-9
970;pasdf;asdfghjklz;1864-7-9
971;ghjkl;lzxcvbnm;1864-7-9
972;ertyu;fghjklzxcv;1864-7-9
973;cvbnm;xcvbnm;1864-7-9
974;dfghj;wertyuiopa;1864-7-9
975;rtyui;tyuiopasdf;1864-7-9
976;ertyu;lzxcvbnm;1864-7-9
977;opasd;jklzxcvbnm;1864-7-9
978;dfghj;qwertyuiop;1864-7-9
979;zxcvb;m;1864-7-9
980;xcvbn;klzxcvbnm;1864-7-9
981;vbnm;vbnm;1864-7-9
982;zxcvb;lzxcvbnm;1864-7-9
983;ertyu;jklzxcvbnm;1864-7-9
984;hjklz;m;1864-7-9
985;fghjk;klzxcvbnm;1864-7-9
986;sdfgh;sdfghjklzx;1864-7-9
987;m;tyuiopasdf;1864-7-9
988;dfghj;nm;1864-7-9
989;ghjkl;hjklzxcvbn;1864-7-9
990;vbnm;hjklzxcvbn;1864-7-9
991;lzxcv;cvbnm;1864-7-9
992;jklzx;rtyuiopasd;1864-7-9
993;zxcvb;dfghjklzxc;1864-7-9
994;qwert;fghjklzxcv;1864-7-9
995;fghjk;hjklzxcvbn;1864-7-9
996;m;nm;1864-7-9
997;fghjk;nm;1864-7-9
998;vbnm;cvbnm;1864-7-9
999;uiopa;klzxcvbnm;1864-7-9
1000;opasd;asdfghjklz;1864-7-9
